{
    "Tx_baselink_lidar_bp_front_left": [
        7.387482643127441,
        1.2899531126022339,
        -0.13809770345687866,
        0.9254468446978095,
        0.378606729355253,
        0.0032320354414764434,
        -0.01395120327039453
    ],
    "Tx_baselink_lidar_bp_rear_right": [
        -7.296918869018555,
        -1.5871587991714478,
        -0.0033190548419952393,
        -0.38126299885159426,
        0.9243731266969958,
        -0.0037229241313259864,
        -0.012609051630538888
    ],
    "Tx_baselink_lidar_helios_front_left": [
        7.336647033691406,
        1.4024821519851685,
        -0.07428044080734253,
        0.0009888865918614663,
        0.004264600754721424,
        0.3800393157007753,
        0.9249599741639623
    ],
    "Tx_baselink_lidar_helios_rear_right": [
        -7.255270481109619,
        -1.6236361265182495,
        0.0032361075282096863,
        -0.0005317689861419239,
        -0.0035887806881134726,
        0.9248185834950713,
        -0.3803911480267223
    ]
}