{
    "camera_h100f1a_front_left": {
        "cx": 960.237957,
        "cy": 774.96571,
        "fx": 1199.613747,
        "fy": 1199.053279,
        "k1": 0.126866,
        "k2": 0.745988,
        "k3": 0.117715,
        "k4": 0.554983,
        "k5": 0.707367,
        "k6": 0.434894,
        "p1": -0.001192,
        "p2": -0.000684
    },
    "camera_h100f1a_rear_right": {
        "cx": 952.17416,
        "cy": 772.434753,
        "fx": 1194.396406,
        "fy": 1196.340171,
        "k1": 0.370103,
        "k2": 0.038448,
        "k3": 0.004927,
        "k4": 0.79457,
        "k5": 0.09794,
        "k6": 0.019435,
        "p1": -0.000331,
        "p2": 4.6e-05
    },
    "camera_h120ua_front_left": {
        "cx": 950.038824,
        "cy": 765.98799,
        "fx": 1031.580611,
        "fy": 1035.834357,
        "k1": 1.310888,
        "k2": 2.198471,
        "k3": 0.195693,
        "k4": 1.702711,
        "k5": 2.679936,
        "k6": 0.878615,
        "p1": 0.001334,
        "p2": 0.00011
    },
    "camera_h120ua_front_mid": {
        "cx": 944.720954,
        "cy": 755.798769,
        "fx": 1013.562413,
        "fy": 1016.349886,
        "k1": 0.342927,
        "k2": -0.034743,
        "k3": -6.3e-05,
        "k4": 0.733056,
        "k5": 0.00319,
        "k6": -0.006798,
        "p1": 0.001968,
        "p2": 2e-05
    },
    "camera_h120ua_front_right": {
        "cx": 957.699767,
        "cy": 787.995176,
        "fx": 1024.937295,
        "fy": 1019.922516,
        "k1": 3.416408,
        "k2": 1.664653,
        "k3": 0.055988,
        "k4": 3.814758,
        "k5": 2.955676,
        "k6": 0.410565,
        "p1": -0.001519,
        "p2": 9e-06
    },
    "camera_h120ua_rear_left": {
        "cx": 948.812498,
        "cy": 765.800338,
        "fx": 1038.571504,
        "fy": 1041.677354,
        "k1": -0.605212,
        "k2": 0.69395,
        "k3": 0.108915,
        "k4": -0.208576,
        "k5": 0.390696,
        "k6": 0.415756,
        "p1": 0.000458,
        "p2": 0.000157
    },
    "camera_h120ua_rear_mid": {
        "cx": 980.256295,
        "cy": 753.046242,
        "fx": 1349.550893,
        "fy": 1367.30968,
        "k1": -0.286447,
        "k2": 0.055959,
        "k3": -0.666823,
        "k4": 0.211102,
        "k5": 0.145547,
        "k6": -1.207823,
        "p1": -0.007466,
        "p2": -0.003079
    },
    "camera_h120ua_rear_right": {
        "cx": 950.245298,
        "cy": 764.328581,
        "fx": 1026.715036,
        "fy": 1026.891613,
        "k1": -0.173346,
        "k2": 0.383512,
        "k3": 0.039065,
        "k4": 0.207703,
        "k5": 0.272785,
        "k6": 0.181103,
        "p1": 0.000411,
        "p2": -0.000165
    }
}