{
    "bp_fl_bp_rr": [
        1.1917980431311894,
        2.447410328204933,
        -179.66495605790467,
        -12.44185092906946,
        -8.31158298168408,
        -0.2133537070249191
    ],
    "bp_fl_helios_fl": [
        -178.94971578466553,
        -1.3579441966371515,
        -0.17832818981671406,
        -0.04250872861466615,
        -0.1160864673661468,
        -0.06353445513477045
    ],
    "bp_fl_helios_rr": [
        -179.01843498581962,
        -0.7366831540592732,
        179.7776640678997,
        -12.454630918389768,
        8.23303073237408,
        -0.13627253675614445
    ],
    "bp_rr_bp_fl": [
        1.1785514233899868,
        2.4538137174210535,
        179.7156566270448,
        -12.487958488439853,
        -8.243563827344213,
        -0.148775745379266
    ],
    "bp_rr_helios_fl": [
        -179.86487420989573,
        -1.0902674713754223,
        -179.84926866486333,
        -12.508361038433293,
        8.162204271667797,
        -0.059708658152233335
    ],
    "bp_rr_helios_rr": [
        -179.79970064965835,
        -1.7119112406639465,
        0.10387392655044268,
        0.003955097082645409,
        -0.055182541380996764,
        -0.006884628768506868
    ],
    "helios_fl_bp_fl": [
        178.95365174114477,
        -1.3609790841511098,
        -0.15345289610566204,
        0.0436410408404333,
        -0.11734462852348226,
        -0.06037702058158022
    ],
    "helios_fl_bp_rr": [
        -179.86198165328838,
        1.0899051188509417,
        -179.84667022496618,
        -12.483448245790854,
        -8.19576080161418,
        -0.27796464068707244
    ],
    "helios_fl_helios_rr": [
        -0.0667835378420535,
        0.6214709338721357,
        179.9543739912744,
        -12.497917292528808,
        8.116904721749146,
        -0.07333823471432215
    ],
    "helios_rr_bp_fl": [
        -179.02121925945633,
        0.7403785779441635,
        179.7902987337504,
        -12.483701113766962,
        -8.188522154879898,
        -0.15655024425086025
    ],
    "helios_rr_bp_rr": [
        179.79650706096356,
        -1.7115346703353254,
        0.10990606419975778,
        -0.003647655579354314,
        -0.055213743483759625,
        -0.006803742996517426
    ],
    "helios_rr_helios_fl": [
        -0.0662925344799005,
        0.6215234990839028,
        -179.95509574789045,
        -12.504436908801559,
        8.10701686004865,
        -0.0528453801532781
    ]
}