{
    "Tx_baselink_lidar_helios_front_left": [
        7.336647033691406,
        1.4024821519851685,
        -0.07428044080734253,
        0.0009888865918614663,
        0.004264600754721424,
        0.3800393157007753,
        0.9249599741639623
    ],
    "Tx_baselink_lidar_helios_rear_right": [
        -7.276885045739178,
        -1.2033954573672938,
        0.12015550104646455,
        0.017047169138387823,
        0.014311023116364952,
        0.9250996393821663,
        -0.3790715576994877
    ],
    "Tx_baselink_lidar_bp_front_left": [
        7.336647033691406,
        1.4024821519851685,
        -0.07428044080734253,
        0.9999576751746502,
        -0.008092165533414531,
        -0.0043145872595940086,
        0.0007409811523129244
    ],
    "Tx_baselink_lidar_bp_rear_right": [
        -7.276885045739178,
        -1.2033954573672938,
        0.12015550104646455,
        0.01165563280038176,
        0.9996843176051892,
        -0.019825404198364118,
        -0.010117544496636552
    ]
}